id,place_name,description,category,city,province,price,rating,coordinate,lat,long,metadata,dir
1,Pantai Panjang,"Pantai Panjang merupakan pantai yang berada di Provinsi Bengkulu. Letaknya sekitar 4 km dari pusat kota. Pantai ini memiliki garis pantai yang mencapai 7 km dan lebar pantai sekitar 500 meter. Pantai Panjang terletak di Kecamatan Ratu Agung, Kecamatan Teluk Segara, & Kecamatan Ratu Samban. Pantai Panjang terletak sejajar dengan Pantai Tapak Paderi dan Pantai Zakat. Pantai Panjang sering dimanfaatkan oleh wisatawan dan masyarakat sekitar. Di sana terdapat Sport Center sehingga masyarakat dapat melakukan kegiatan olahraga seperti voly pantai, berjalan, dan berselancar. Di pagi dan sore hari biasanya pantai akan dipenuhi oleh masyarakat yang melakukan jogging di pinggir pantai. Ombak di Pantai Panjang banyak dimanfaatkan oleh para pengunjung untuk berselancar. Pantai Panjang yang ada di Bengkulu ini mempunyai banyak fasilitas diantaranya terdapat restoran, cafe, penginapan, area bermain, pusat perbelanjaan, hingga fasilitas untuk olahraga.",Alam,Bengkulu,Bengkulu,5000,4.5,"{'lat': -3.8249704,'lng': 102.2776648}",-3.8249704,102.2776648,"pantai panjang alam pantai panjang merupakan pantai yang berada di provinsi bengkulu. letaknya sekitar 4 km dari pusat kota. pantai ini memiliki garis pantai yang mencapai 7 km dan lebar pantai sekitar 500 meter. pantai panjang terletak di kecamatan ratu agung, kecamatan teluk segara, & kecamatan ratu samban. pantai panjang terletak sejajar dengan pantai tapak paderi dan pantai zakat. pantai panjang sering dimanfaatkan oleh wisatawan dan masyarakat sekitar. di sana terdapat sport center sehingga masyarakat dapat melakukan kegiatan olahraga seperti voly pantai, berjalan, dan berselancar. di pagi dan sore hari biasanya pantai akan dipenuhi oleh masyarakat yang melakukan jogging di pinggir pantai. ombak di pantai panjang banyak dimanfaatkan oleh para pengunjung untuk berselancar. pantai panjang yang ada di bengkulu ini mempunyai banyak fasilitas diantaranya terdapat restoran, cafe, penginapan, area bermain, pusat perbelanjaan, hingga fasilitas untuk olahraga. bengkulu",images/bengkulu/image_1
2,Wisata Mangrove Bengkulu,"Wisata Mangrove Bengkulu atau dikenal juga dengan Hutan Mangrove Bengkulu awal mulanya dibuat untuk menahan hempasan ombak dan mencegah terjadinya abrasi. Kini, tempat tersebut tidak hanya mencegah abrasi. Sebab, kawasan ini juga menjadi sebuah hutan wisata yang memilki daya tarik tersendiri.",Alam,Bengkulu,Bengkulu,5000,4.3,"{'lat': -3.9029875,'lng': 102.3088231}",-3.9029875,102.3088231,"wisata mangrove bengkulu alam wisata mangrove bengkulu atau dikenal juga dengan hutan mangrove bengkulu awal mulanya dibuat untuk menahan hempasan ombak dan mencegah terjadinya abrasi. kini, tempat tersebut tidak hanya mencegah abrasi. sebab, kawasan ini juga menjadi sebuah hutan wisata yang memilki daya tarik tersendiri. bengkulu",images/bengkulu/image_2
3,Pantai Tapak Paderi,"Objek Wisata Tapak Paderi Bengkulu adalah salah satu objek wisata andalan kota Bengkulu yang patut dijadikan salah satu tujuan berwisata di Kota Bengkulu. Pantai Tapak Paderi dapat ditempuh kurang lebih hanya 10 menit dari pusat Kota Bengkulu. Pantai ini berada di antara Pantai Panjang dan Pantai Jakat Kota Bengkulu dan bisa terhubung langsung dengan kedua pantai tersebut baik melalui jalur laut, darat, dan udara. Sejak zaman pendudukan Inggris di nusantara, di daerah sekitar Pantai Tapak Paderi dijadikan daerah pusat kota di Bengkulu pada saat itu.",Alam,Bengkulu,Bengkulu,10000,4.4,"{'lat': -3.7849049,'lng': 102.2534603}",-3.7849049,102.2534603,"pantai tapak paderi alam objek wisata tapak paderi bengkulu adalah salah satu objek wisata andalan kota bengkulu yang patut dijadikan salah satu tujuan berwisata di kota bengkulu. pantai tapak paderi dapat ditempuh kurang lebih hanya 10 menit dari pusat kota bengkulu. pantai ini berada di antara pantai panjang dan pantai jakat kota bengkulu dan bisa terhubung langsung dengan kedua pantai tersebut baik melalui jalur laut, darat, dan udara. sejak zaman pendudukan inggris di nusantara, di daerah sekitar pantai tapak paderi dijadikan daerah pusat kota di bengkulu pada saat itu. bengkulu",images/bengkulu/image_3
4,Kawasan Kota Tuo Pasar Bengkulu,"Tempat ini dulunya hanyalah bantaran sungai Bengkulu yang biasa. Air yang berwarna coklat dan kerap banjir menjadikan tempat ini tidak diminati untuk para wisatawan. Waktu berjalan, tempat ini berdandan. Kolaborasi Pemerintah Pusat dan Kota Bengkulu berhasil mengubah tempat ini menjadi objek wisata yang kini diminati masyarakat, namanya ""Kota Tuo"".",Tempat Rekreasi,Bengkulu,Bengkulu,0,4.4,"{'lat': -3.7727053,'lng': 102.2633793}",-3.7727053,102.2633793,"kawasan kota tuo pasar bengkulu tempat rekreasi tempat ini dulunya hanyalah bantaran sungai bengkulu yang biasa. air yang berwarna coklat dan kerap banjir menjadikan tempat ini tidak diminati untuk para wisatawan. waktu berjalan, tempat ini berdandan. kolaborasi pemerintah pusat dan kota bengkulu berhasil mengubah tempat ini menjadi objek wisata yang kini diminati masyarakat, namanya ""kota tuo"". bengkulu",images/bengkulu/image_4
5,Pantai Batu Tahu,"Pantai Batu Tahu, begitulah nama pantai yang terletak di belakang Mess Pemda Provinsi (Pemprov) Bengkulu, Kelurahan Malabero ini sering disebut masyarakat. Diberi panggilan ini, lantaran batu yang ada di pinggiran pantai tersebut memiliki bentuk kotak, mirip seperti tahu. Pantai ini memiliki gerbang yang berada di pinggir jalan, sehingga terhindar dari macet. Ketika memasuki wilayah pantai ini pun kita langsung disuguhi pemandangan indahnya matahari terbenam. Untuk makanan, tidak perlu khawatir, karena banyak pedagang makanan di Pantai Batu Tahu yang menjual makanan seperti bakso bakar, sebelak, minuman dingin dan lain-lain.",Alam,Bengkulu,Bengkulu,2000,4.6,"{'lat': -3.7834645,'lng': 102.2513707}",-3.7834645,102.2513707,"pantai batu tahu alam pantai batu tahu, begitulah nama pantai yang terletak di belakang mess pemda provinsi (pemprov) bengkulu, kelurahan malabero ini sering disebut masyarakat. diberi panggilan ini, lantaran batu yang ada di pinggiran pantai tersebut memiliki bentuk kotak, mirip seperti tahu. pantai ini memiliki gerbang yang berada di pinggir jalan, sehingga terhindar dari macet. ketika memasuki wilayah pantai ini pun kita langsung disuguhi pemandangan indahnya matahari terbenam. untuk makanan, tidak perlu khawatir, karena banyak pedagang makanan di pantai batu tahu yang menjual makanan seperti bakso bakar, sebelak, minuman dingin dan lain-lain. bengkulu",images/bengkulu/image_5
6,Lentera Merah Beach,Pantai Lentera Merah menawarkan langit biru yang cerah dengan tiang mercusuar penerang berwarna merah mencolok di gerbang jalan keluar - masuk Pelabuhan Baii. Seluk-beluk nama pantai ini berawal dari keberadaan sebuah tiang yang terpancang di atas onggokan batu pemecah ombak.,Alam,Bengkulu,Bengkulu,0,4.4,"{'lat': -3.8982971,'lng': 102.2788642}",-3.8982971,102.2788642,lentera merah beach alam pantai lentera merah menawarkan langit biru yang cerah dengan tiang mercusuar penerang berwarna merah mencolok di gerbang jalan keluar - masuk pelabuhan baii. seluk-beluk nama pantai ini berawal dari keberadaan sebuah tiang yang terpancang di atas onggokan batu pemecah ombak. bengkulu,images/bengkulu/image_6
7,Pantai Pasir Putih,"Pantai pasir putih memiliki beberapa kesamaan dengan pantai panjang, pantai ini terletak dekat pelabuhan pulai Baii jarak sekitar 19 KM dari pusat Kota bengkulu, kondisi jalan menuju kesana cukup baik, selain itu tempat ini juga dapat dicapai dengan kendaraan roda empat jenis apapun dan lebih terjangkau dengan kendaraan roda dua pastinya akan lebih cepat",Alam,Bengkulu,Bengkulu,2000,4.5,"{'lat': -3.8316335,'lng': 102.2827722}",-3.8316335,102.2827722,"pantai pasir putih alam pantai pasir putih memiliki beberapa kesamaan dengan pantai panjang, pantai ini terletak dekat pelabuhan pulai baii jarak sekitar 19 km dari pusat kota bengkulu, kondisi jalan menuju kesana cukup baik, selain itu tempat ini juga dapat dicapai dengan kendaraan roda empat jenis apapun dan lebih terjangkau dengan kendaraan roda dua pastinya akan lebih cepat bengkulu",images/bengkulu/image_7
8,Bengkulu Museum,Museum Negeri Bengkulu merupakan museum umum yang pendiriannya mulai dirintis sejak tahun 1978. Peresmian museum baru dilaksanakan pada tanggal 3 Mei 1980 sebagai museum yang berlokasi di belakang Benteng Marlborough. Lokasi ini kemudian dipindahkan ke Jalan Pembangunan Nomor 8 pada tanggal 3 Januari 1983. ,Sejarah dan Budaya,Bengkulu,Bengkulu,3000,4.5,"{'lat': -3.8156537,'lng': 102.2875704}",-3.8156537,102.2875704,bengkulu museum sejarah dan budaya museum negeri bengkulu merupakan museum umum yang pendiriannya mulai dirintis sejak tahun 1978. peresmian museum baru dilaksanakan pada tanggal 3 mei 1980 sebagai museum yang berlokasi di belakang benteng marlborough. lokasi ini kemudian dipindahkan ke jalan pembangunan nomor 8 pada tanggal 3 januari 1983.  bengkulu,images/bengkulu/image_8
9,View Tower Tsunami,"Menara ini merupakan bangunan tegak setinggi 43 meter yang memiliki fungsi utama untuk memantau gelombang air laut jika terjadi tsunami. Karena Bengkulu termasuk dalam daerah yang rawan terjadi bencana gempa dan tsunami. Bangunan ini terletak di Kelurahan Malabero, tepatnya di depan rumah dinas Gubernur. Menara ini berdiri di tanah lapang dan lebih mirip seperti landmark atau alun-alun kota.",Alam,Bengkulu,Bengkulu,0,4.2,"{'lat': -3.7902834,'lng': 102.2508978}",-3.7902834,102.2508978,"view tower tsunami alam menara ini merupakan bangunan tegak setinggi 43 meter yang memiliki fungsi utama untuk memantau gelombang air laut jika terjadi tsunami. karena bengkulu termasuk dalam daerah yang rawan terjadi bencana gempa dan tsunami. bangunan ini terletak di kelurahan malabero, tepatnya di depan rumah dinas gubernur. menara ini berdiri di tanah lapang dan lebih mirip seperti landmark atau alun-alun kota. bengkulu",images/bengkulu/image_9
10,Fort Marlborough,"Benteng Marlborough (Inggris: Fort Marlborough) adaah benteng peninggalan Inggris di Kota Bengkulu. Benteng ini didirikan oleh East India Company (EIC) tahun 1714-1719 di bawah pimpinan gubernur Joseph Callet sebagai benteng pertahanan Inggris.[1] Benteng ini didirikan di atas bukit buatan, menghadap ke arah Kota Bengkulu dan memunggungi Samudra Hindia. ",Sejarah dan Budaya,Bengkulu,Bengkulu,2500,4.6,"{'lat': -3.3787323,'lng': 102.2516757}",-3.3787323,102.2516757,"fort marlborough sejarah dan budaya benteng marlborough (inggris: fort marlborough) adaah benteng peninggalan inggris di kota bengkulu. benteng ini didirikan oleh east india company (eic) tahun 1714-1719 di bawah pimpinan gubernur joseph callet sebagai benteng pertahanan inggris.[1] benteng ini didirikan di atas bukit buatan, menghadap ke arah kota bengkulu dan memunggungi samudra hindia.  bengkulu",images/bengkulu/image_10
11,Taman Wisata Wahana Surya,"Wahana Surya Bengkulu adalah pusat rekreasi terbesar di Kota Bengkulu. Terdapat beragam sarana bermain outdoor yang disuguhkan oleh tempat ini. Beberapa di antaranya yakni waterboom, pacuan kuda, camping ground, panggung hiburan dan flying fox. Sebagai waterpark terbesar di Bengkulu. Wahana Surya Bengkulu memang lebih luas daripada waterboom lainnya yang ada di kota ini. Taman bermain ini berada di bekas kebun kelapa dengan luas 7 hektar, sehingga bukan hal yang sulit untuk menghadirkan tatanan tempat dengan fasilitas yang memadai.",Tempat Rekreasi,Bengkulu,Bengkulu,2000,4.1,"{'lat': -3.7155918,'lng': 102.2378559}",-3.7155918,102.2378559,"taman wisata wahana surya tempat rekreasi wahana surya bengkulu adalah pusat rekreasi terbesar di kota bengkulu. terdapat beragam sarana bermain outdoor yang disuguhkan oleh tempat ini. beberapa di antaranya yakni waterboom, pacuan kuda, camping ground, panggung hiburan dan flying fox. sebagai waterpark terbesar di bengkulu. wahana surya bengkulu memang lebih luas daripada waterboom lainnya yang ada di kota ini. taman bermain ini berada di bekas kebun kelapa dengan luas 7 hektar, sehingga bukan hal yang sulit untuk menghadirkan tatanan tempat dengan fasilitas yang memadai. bengkulu",images/bengkulu/image_11
12,Pantai Berkas Park,"Taman Pantai Berkas merupakan alternatif wisata bahari yang berada di pesisir laut Teluk Segara dan sering dijadikan pilihan berlibur karena memiliki sarana bermain, tempat bersantai, spot nongkrong, dan taman kota instagrammable.",Alam,Bengkulu,Bengkulu,0,4.3,"{'lat': -3.7993615,'lng': 102.2551106}",-3.7993615,102.2551106,"pantai berkas park alam taman pantai berkas merupakan alternatif wisata bahari yang berada di pesisir laut teluk segara dan sering dijadikan pilihan berlibur karena memiliki sarana bermain, tempat bersantai, spot nongkrong, dan taman kota instagrammable. bengkulu",images/bengkulu/image_12
13,Pantai Padang Betuah,"Bengkulu Tengah memiliki sejumlah tempat wisata menarik dan indah, salah satunya adalah Pantai Padang Betuah. Bupati Bengkulu Tengah Ferry Ramli mengatakan Pantai Padang Betuah menjadi salah satu tempat wisata primadona di Bengkulu Tengah karena panorama yang disajikan mirip dengan Tanah Lot, Bali.",Alam,Bengkulu,Bengkulu,10000,4.4,"{'lat': -3.6540292,'lng': 102.2068603}",-3.6540292,102.2068603,"pantai padang betuah alam bengkulu tengah memiliki sejumlah tempat wisata menarik dan indah, salah satunya adalah pantai padang betuah. bupati bengkulu tengah ferry ramli mengatakan pantai padang betuah menjadi salah satu tempat wisata primadona di bengkulu tengah karena panorama yang disajikan mirip dengan tanah lot, bali. bengkulu",images/bengkulu/image_13
14,Pantai Kualo Bengkulu,"Pantai Kuola merupakan pantai yang membentang di kawasan Bencoolen, diujung pantai kuola ini kita bisa melihat sunset di dekat pulau yang diapit oleh muara dan pantai kuola ini. Lokasinya berdekatan dengan pasar ikan di Kelurahan Besar Bengkulu dan dekat dengan wisata Kota Tua Bengkulu.",Alam,Bengkulu,Bengkulu,2000,4.4,"{'lat': -3.7800021,'lng': 102.2615623}",-3.7800021,102.2615623,"pantai kualo bengkulu alam pantai kuola merupakan pantai yang membentang di kawasan bencoolen, diujung pantai kuola ini kita bisa melihat sunset di dekat pulau yang diapit oleh muara dan pantai kuola ini. lokasinya berdekatan dengan pasar ikan di kelurahan besar bengkulu dan dekat dengan wisata kota tua bengkulu. bengkulu",images/bengkulu/image_14
15,Pantai Sungai Suci,"Pantai Sungai Suci ini berada di Desa Pasar Pedati, Kecamatan Pondok Kelapa, Kabupaten Bengkulu Tengah. Jaraknya cukup dekat dari pusat Kota Bengkulu, yakni hanya sekitar 1,5 kilometer. Jika Anda berkendara dengan kendaraan pribadi, jarak tempuhnya hanya 10 menit. Posisinya tepat di tepi Jalan Lintas Barat (Jalinbar) Kabupaten Bengkulu Tengah, sehingga tidak sulit untuk menemukannya. Sisi kiri jalan menuju objek wisata ini pun tak kalah indah, karena memang ruas Jalinbar dekat dari bibir pantai.",Alam,Bengkulu,Bengkulu,5000,4.4,"{'lat': -3.7196194,'lng': 102.2355583}",-3.7196194,102.2355583,"pantai sungai suci alam pantai sungai suci ini berada di desa pasar pedati, kecamatan pondok kelapa, kabupaten bengkulu tengah. jaraknya cukup dekat dari pusat kota bengkulu, yakni hanya sekitar 1,5 kilometer. jika anda berkendara dengan kendaraan pribadi, jarak tempuhnya hanya 10 menit. posisinya tepat di tepi jalan lintas barat (jalinbar) kabupaten bengkulu tengah, sehingga tidak sulit untuk menemukannya. sisi kiri jalan menuju objek wisata ini pun tak kalah indah, karena memang ruas jalinbar dekat dari bibir pantai. bengkulu",images/bengkulu/image_15
16,Pantai Way Hawang,"Pantai Way Hawang merupakan salah satu pantai yang ada di Provinsi Bengkulu. Pantai yang terletak di penghujung paling timur Bengkulu ini memiliki pasir putih dan merupakan teluk, sehingga airnya tenang dan bersih. Nama Way Hawang berasal dari Way artinya air dan Hawang artinya rawang/banjir. Berada di Desa Way Hawang, Kecamatan Maje, Kabupaten Kaur, obyek wisata alam Pantai Way Hawang dapat dijangkau dengan mudah. Jaraknya hanya sekitar 15 km di sebelah Timur Kota Bintuhan yang merupakan Ibukota dari Kabupaten Kaur.",Alam,Bengkulu,Bengkulu,0,4.5,"{'lat': -4.8658778,'lng': 103.4341942}",-4.8658778,103.4341942,"pantai way hawang alam pantai way hawang merupakan salah satu pantai yang ada di provinsi bengkulu. pantai yang terletak di penghujung paling timur bengkulu ini memiliki pasir putih dan merupakan teluk, sehingga airnya tenang dan bersih. nama way hawang berasal dari way artinya air dan hawang artinya rawang/banjir. berada di desa way hawang, kecamatan maje, kabupaten kaur, obyek wisata alam pantai way hawang dapat dijangkau dengan mudah. jaraknya hanya sekitar 15 km di sebelah timur kota bintuhan yang merupakan ibukota dari kabupaten kaur. bengkulu",images/bengkulu/image_16
17,Rumah Pengasingan Bung Karno,"Sebuah rumah kuno yang terletak di jantung Kota Bengkulu, Kelurahan Anggut Atas, Kecamatan Gading Cempaka, menjadi saksi bisu perjuangan kemerdekaan Indonesia. Rumah bekas kediaman Bung Karno ini merupakan bangunan cagar budaya yang dikelilingi oleh pagar dengan halaman luas.",Sejarah dan Budaya,Bengkulu,Bengkulu,3000,4.7,"{'lat': -3.7990331,'lng': 102.2612858}",-3.7990331,102.2612858,"rumah pengasingan bung karno sejarah dan budaya sebuah rumah kuno yang terletak di jantung kota bengkulu, kelurahan anggut atas, kecamatan gading cempaka, menjadi saksi bisu perjuangan kemerdekaan indonesia. rumah bekas kediaman bung karno ini merupakan bangunan cagar budaya yang dikelilingi oleh pagar dengan halaman luas. bengkulu",images/bengkulu/image_17
18,Pantai Duayu Sekundang,"Pantai Duayu Sekundang merupakan pantai yang letaknya masih segaris dengan Pantai Pasir Bawah yang berada di Bengkulu. Pantai Duayu Sekundang menjadi salah satu destinasi wisata di Bengkulu yang sayang untuk dilewatkan. Hal ini karena wisata pantai tersebut tak hanya memiliki pemandangan indah, namun juga beragam kegiatan yang dapat dilakukan oleh wisatawan selama berlibur.",Alam,Bengkulu,Bengkulu,10000,4.2,"{'lat': -4.4832276,'lng': 102.8976505}",-4.4832276,102.8976505,"pantai duayu sekundang alam pantai duayu sekundang merupakan pantai yang letaknya masih segaris dengan pantai pasir bawah yang berada di bengkulu. pantai duayu sekundang menjadi salah satu destinasi wisata di bengkulu yang sayang untuk dilewatkan. hal ini karena wisata pantai tersebut tak hanya memiliki pemandangan indah, namun juga beragam kegiatan yang dapat dilakukan oleh wisatawan selama berlibur. bengkulu",images/bengkulu/image_18
19,Pantai Teluk Sepang,Pantai Teluk Sepang ini merupakan salah satu keindahan alam tersembunyi yang berada di daerah Bengkulu. Cukup banyak para pemburu kawasan wisata alam yang belum mengetahui keberadaan pantai nan cantik ini. Mungkin bisa dijadikan alasan karena lokasi yang terbilang cukup jauh dari pusat kota sehingga pantai ini menjadi salah satu lokasi wisata bahari yang belum populer dengan pantai-pantai yang ada di Bengkulu,Alam,Bengkulu,Bengkulu,5000,4.3,"{'lat': -3.9398918,'lng': 102.2790261}",-3.9398918,102.2790261,pantai teluk sepang alam pantai teluk sepang ini merupakan salah satu keindahan alam tersembunyi yang berada di daerah bengkulu. cukup banyak para pemburu kawasan wisata alam yang belum mengetahui keberadaan pantai nan cantik ini. mungkin bisa dijadikan alasan karena lokasi yang terbilang cukup jauh dari pusat kota sehingga pantai ini menjadi salah satu lokasi wisata bahari yang belum populer dengan pantai-pantai yang ada di bengkulu bengkulu,images/bengkulu/image_19
20,Pantai Jakat,"Pantai Jakat menjadi primadona wisata keluarga saat liburan tiba. Hal ini disebabkan karena dekatnya lokasi Pantai Jakat dengan pusat Kota Bengkulu. Kemudian, tempat ini memiliki kelandaian 1,5 meter, ditambah kondisi gelombang ombak yang kecil. Pasir dari Pantai Jakat merupakan hamparan kegembiraan saat para wisatawan datang bersama keluarganya dan pasir itulah membuat mereka banyak mengahabiskan waktu sambil menikmati keindahan alam, serta sajian kuliner yang ada di sekitar pantai.",Alam,Bengkulu,Bengkulu,2000,4.3,"{'lat': -3.3782286,'lng': 102.2597604}",-3.3782286,102.2597604,"pantai jakat alam pantai jakat menjadi primadona wisata keluarga saat liburan tiba. hal ini disebabkan karena dekatnya lokasi pantai jakat dengan pusat kota bengkulu. kemudian, tempat ini memiliki kelandaian 1,5 meter, ditambah kondisi gelombang ombak yang kecil. pasir dari pantai jakat merupakan hamparan kegembiraan saat para wisatawan datang bersama keluarganya dan pasir itulah membuat mereka banyak mengahabiskan waktu sambil menikmati keindahan alam, serta sajian kuliner yang ada di sekitar pantai. bengkulu",images/bengkulu/image_20
21,Air Terjun Tri Muara Karang,"Air terjun Tri Muara Karang merupakan salah satu air terjun tertinggi yang berada di provinsi Bengkulu, Ketinggian Air terjun ini mencapai hingga 100 Meter, Air Terjun Tri Muara Karang berada di Desa Belitar Seberang, Kecamatan Sindang Kelingi, Kabupaten Rejang Lebong, Provinsi Bengkulu. Di tempat ini setiap wisatawan akan mendapat hidangan pemandangan alam khas pegunungan yang sangat indah. Nama Tri Muara Karang di gagas oleh kelompok sadar wisata yang mengelola air terjun ini. Jejeran tanaman aren atau enau akan memberi sambutan pada wisatawan saat memasuki desa ini. Selain itu di sepanjang kiri dan kanan jalan desa, terhampar panorama kebun sayur yang penuh nuansa hijau. Desa Belitar Seberang di Bengkulu ini tidak hanya menawarkan panorama alam pegunungan dan perkebunan saja.",Alam,Bengkulu,Bengkulu,3000,4.7,"{'lat': -3.4795389,'lng': 102.7143383}",-3.4795389,102.7143383,"air terjun tri muara karang alam air terjun tri muara karang merupakan salah satu air terjun tertinggi yang berada di provinsi bengkulu, ketinggian air terjun ini mencapai hingga 100 meter, air terjun tri muara karang berada di desa belitar seberang, kecamatan sindang kelingi, kabupaten rejang lebong, provinsi bengkulu. di tempat ini setiap wisatawan akan mendapat hidangan pemandangan alam khas pegunungan yang sangat indah. nama tri muara karang di gagas oleh kelompok sadar wisata yang mengelola air terjun ini. jejeran tanaman aren atau enau akan memberi sambutan pada wisatawan saat memasuki desa ini. selain itu di sepanjang kiri dan kanan jalan desa, terhampar panorama kebun sayur yang penuh nuansa hijau. desa belitar seberang di bengkulu ini tidak hanya menawarkan panorama alam pegunungan dan perkebunan saja. bengkulu",images/bengkulu/image_21
22,Wisata Puncak Kota Bengkulu,"Di Kota Bengkulu, tepatnya di Kelurahan Pekan Sabtu Kecamatan Selebar ada satu tempat yang menamakan diri sebagai puncak. Lokasinya berada sekitar 20 menit dari pusat Kota Bengkulu. Dulunya tempat ini hanyalah lapangan futsal biasa. Namun, view yang istimewa dengan hiasan lampu perkotaan menjadikan tempat ini sangat romantis. Inilah alasan puncak tidak butuh waktu lama untuk menjelma sebagai salah satu wisata favorit kaum muda.",Pegunungan,Bengkulu,Bengkulu,10000,4.4,"{'lat': -3.8474495,'lng': 102.3389789}",-3.8474495,102.3389789,"wisata puncak kota bengkulu pegunungan di kota bengkulu, tepatnya di kelurahan pekan sabtu kecamatan selebar ada satu tempat yang menamakan diri sebagai puncak. lokasinya berada sekitar 20 menit dari pusat kota bengkulu. dulunya tempat ini hanyalah lapangan futsal biasa. namun, view yang istimewa dengan hiasan lampu perkotaan menjadikan tempat ini sangat romantis. inilah alasan puncak tidak butuh waktu lama untuk menjelma sebagai salah satu wisata favorit kaum muda. bengkulu",images/bengkulu/image_22
23,Suban Air Panas,"Objek Wisata Suban Air Panas merupakan obyek wisata alam yang sudah lama diminati masyarakat Bengkulu. Tak hanya memancarkan aura keindahan dan kesejukan. Namun lokasi ini juga menyimpan cerita batu peninggalan yang banyak diyakini mengandung nilai mistis. Suban Air Panas berada di jalan lintas Curup-Lubuk Linggau dengan jarak tempuh sekitar 6 Km dari Kota Curup (Ibu kotakabupaten Rejang Lebong) atau sekitar 90 Km dari Provinsi Bengkulu.Selain merupakan tempat rekreasi yang menyenangkan, air panas di obyek wisata ini dipercaya berguna untuk penyembuhan berbagai penyakit kulit, pegal linu dan rematik. Di lokasi ini terdapat kolam-kolam pemandian air panas. Bentuk kolamnya memang sederhana, tetapi alam yang ada di sekitarnya sangat asri bersanding dengan tebing-tebing yang ditumbuhi pepohonan. Dengan adanya perpaduan ini, suasana di kolam suban sangat alami.",Alam,Bengkulu,Bengkulu,5000,4.3,"{'lat': -3.4613354,'lng': 102.5691449}",-3.4613354,102.5691449,"suban air panas alam objek wisata suban air panas merupakan obyek wisata alam yang sudah lama diminati masyarakat bengkulu. tak hanya memancarkan aura keindahan dan kesejukan. namun lokasi ini juga menyimpan cerita batu peninggalan yang banyak diyakini mengandung nilai mistis. suban air panas berada di jalan lintas curup-lubuk linggau dengan jarak tempuh sekitar 6 km dari kota curup (ibu kotakabupaten rejang lebong) atau sekitar 90 km dari provinsi bengkulu.selain merupakan tempat rekreasi yang menyenangkan, air panas di obyek wisata ini dipercaya berguna untuk penyembuhan berbagai penyakit kulit, pegal linu dan rematik. di lokasi ini terdapat kolam-kolam pemandian air panas. bentuk kolamnya memang sederhana, tetapi alam yang ada di sekitarnya sangat asri bersanding dengan tebing-tebing yang ditumbuhi pepohonan. dengan adanya perpaduan ini, suasana di kolam suban sangat alami. bengkulu",images/bengkulu/image_23
24,Rumah Ibu Fatmawati,"Rumah Fatmawati adalah salah satu tempat bersejarah yang berada di Bengkulu, tepatnya berada di Jalan Fatmawati, Kelurahan Penurunan, Kecamatan Ratu Samban. Rumah Fatmawati atau tempat kediaman Fatmawati istri ke-3 Soekarno ini ditetapkan Pemerintah Daerah Bengkulu menjadi aset sejarah. Rumah tersebut dilengkapi berbagai ornamen asli, rumah itu berukuran 92 meter persegi dan dibangun ulang sesuai konstruksi aslinya, yaitu berbentuk panggung dan terbuat dari kayu. Perabot yang ada seperti meja rias, tempat tidur, dan mesin jahit adalah peralatan asli. Menurut sejarah, dengan mesin jahit tadi, Fatmawati sempat membuat bendera Merah Putih, yang dikibarkan pada Proklamasi RI 17 Agustus 1945.",Sejarah dan Budaya,Bengkulu,Bengkulu,5000,4.6,"{'lat': -3.7983027,'lng': 102.2654478}",-3.7983027,102.2654478,"rumah ibu fatmawati sejarah dan budaya rumah fatmawati adalah salah satu tempat bersejarah yang berada di bengkulu, tepatnya berada di jalan fatmawati, kelurahan penurunan, kecamatan ratu samban. rumah fatmawati atau tempat kediaman fatmawati istri ke-3 soekarno ini ditetapkan pemerintah daerah bengkulu menjadi aset sejarah. rumah tersebut dilengkapi berbagai ornamen asli, rumah itu berukuran 92 meter persegi dan dibangun ulang sesuai konstruksi aslinya, yaitu berbentuk panggung dan terbuat dari kayu. perabot yang ada seperti meja rias, tempat tidur, dan mesin jahit adalah peralatan asli. menurut sejarah, dengan mesin jahit tadi, fatmawati sempat membuat bendera merah putih, yang dikibarkan pada proklamasi ri 17 agustus 1945. bengkulu",images/bengkulu/image_24
25,Pantai Pasar Bawah,"Seolah tak ada habisnya jika membahas pantai di Bengkulu Selatan. Berjalan ke mana saja kaki melangkah setiap berhenti pasti akan menemukan pantai yang indah. Sejuknya hembusan angin laut dan suara terpaan ombak menambahkan suasana yang menjanjikan untuk menenangkan hati di sana. Pantai Pasar Bawah menjadi salah satu objek wisata unggulan di kota kecil tersebut yakni Kota Manna. Meskipun tidak memiliki bibir pantai yang lebar dan banyak dipenuhi bebatuan kecil hingga besar, tidak menjadi halangan bagi pengunjung untuk bermanja bermain bersama dengan air laut yang indah itu. Pantai Pasar Bawah sangat cocok untuk bersantai bersama keluarga sembari menikmati kelapa muda segar dan menunggu matahari terbenam.",Alam,Bengkulu,Bengkulu,10000,4.3,"{'lat': -4.4771328,'lng': 102.8997631}",-4.4771328,102.8997631,"pantai pasar bawah alam seolah tak ada habisnya jika membahas pantai di bengkulu selatan. berjalan ke mana saja kaki melangkah setiap berhenti pasti akan menemukan pantai yang indah. sejuknya hembusan angin laut dan suara terpaan ombak menambahkan suasana yang menjanjikan untuk menenangkan hati di sana. pantai pasar bawah menjadi salah satu objek wisata unggulan di kota kecil tersebut yakni kota manna. meskipun tidak memiliki bibir pantai yang lebar dan banyak dipenuhi bebatuan kecil hingga besar, tidak menjadi halangan bagi pengunjung untuk bermanja bermain bersama dengan air laut yang indah itu. pantai pasar bawah sangat cocok untuk bersantai bersama keluarga sembari menikmati kelapa muda segar dan menunggu matahari terbenam. bengkulu",images/bengkulu/image_25
26,Pantai Nangai,"Pantai Nangai merupakan salah satu pantai yang cukup terkenal di daerah Bengkulu Utara. Pantai ini sangat ramai dikunjungi wisatawan baik dari Bengkulu Utara ataupun dari luar Bengkulu Utara. Pantai ini masih dikelola seadanya oleh masyarakat sekitar. Pantai Nangai sangat indah serta memiliki sungai yang langsung terhubung dengan laut sehingga menjadi daya tarik tersendiri. Selain itu, karena memiliki pemandangan yang indah, pantai ini sering digunakan untuk wahana hunting, maupun bermain bola oleh para anak muda sekitar.",Alam,Bengkulu,Bengkulu,5000,4.6,"{'lat': -3.6362129,'lng': 102.1879718}",-3.6362129,102.1879718,"pantai nangai alam pantai nangai merupakan salah satu pantai yang cukup terkenal di daerah bengkulu utara. pantai ini sangat ramai dikunjungi wisatawan baik dari bengkulu utara ataupun dari luar bengkulu utara. pantai ini masih dikelola seadanya oleh masyarakat sekitar. pantai nangai sangat indah serta memiliki sungai yang langsung terhubung dengan laut sehingga menjadi daya tarik tersendiri. selain itu, karena memiliki pemandangan yang indah, pantai ini sering digunakan untuk wahana hunting, maupun bermain bola oleh para anak muda sekitar. bengkulu",images/bengkulu/image_26
27,Danau Gedang,"Danau Gedang merupakan salah satu objek wisata baru yang berada di Provinsi Bengkulu tepatnya berada di Kecamatan Pondok Kelapa. Lokasi wisata ini walau terbilang baru namun sudah begitu menarik minat pengunjung untuk mendatangi lokasi ini. Kawasan ini akan terlihat begitu ramai oleh para pengunjung terutama saat akhir pekan dan saat hari libur nasional. Keindahan dan keunikan yang ditampilkan dari danau ini adalah lokasinya yang berdekatan dengan pantai. Banyak pengunjung yang berdatangan untuk mengabadikan momen indah dan menjadikan lokasi spot foto baru. Keindahan serta keunikan danau yang berdampingan dengan pantai ini dapat dijadikan objek wisata dengan potensi alam yang sangat tinggi. Bayangkan saja danau yang berdampingan langsung dengan laut bak sebuah muara yang begitu luas namun tetap terpisah oleh hamparan pasir sekitar 30 meter.  Gambaran pemandangan yang sangat unik serta menarik perpaduan antara danau dan laut dalam satu frame. Di lokasi ini juga para pengunjung juga dapat melakukan kegiatan berenang, namun harus tetap berhati-hati. Menikmati keindahan alam yang disajikan dengan duduk-duduk santai. Dapat sejenak menghilangkan segala kepenatan yang ada akibat dari rutinitas bekerja setiap hari.",Alam,Bengkulu,Bengkulu,10000,4.0,"{'lat': -3.6558554,'lng': 102.2095948}",-3.6558554,102.2095948,"danau gedang alam danau gedang merupakan salah satu objek wisata baru yang berada di provinsi bengkulu tepatnya berada di kecamatan pondok kelapa. lokasi wisata ini walau terbilang baru namun sudah begitu menarik minat pengunjung untuk mendatangi lokasi ini. kawasan ini akan terlihat begitu ramai oleh para pengunjung terutama saat akhir pekan dan saat hari libur nasional. keindahan dan keunikan yang ditampilkan dari danau ini adalah lokasinya yang berdekatan dengan pantai. banyak pengunjung yang berdatangan untuk mengabadikan momen indah dan menjadikan lokasi spot foto baru. keindahan serta keunikan danau yang berdampingan dengan pantai ini dapat dijadikan objek wisata dengan potensi alam yang sangat tinggi. bayangkan saja danau yang berdampingan langsung dengan laut bak sebuah muara yang begitu luas namun tetap terpisah oleh hamparan pasir sekitar 30 meter.  gambaran pemandangan yang sangat unik serta menarik perpaduan antara danau dan laut dalam satu frame. di lokasi ini juga para pengunjung juga dapat melakukan kegiatan berenang, namun harus tetap berhati-hati. menikmati keindahan alam yang disajikan dengan duduk-duduk santai. dapat sejenak menghilangkan segala kepenatan yang ada akibat dari rutinitas bekerja setiap hari. bengkulu",images/bengkulu/image_27
28,Danau Mas,"Danau Mas Harun Bastari ini adalah sebuah danau seluas 75 Ha yang indah dan dikelilingi oleh perbukitan yang hijau yang mudah dijangkau karena berada di pinggir Jalan Lintas Curup Lubuk Linggau tepatnya di Desa Karang Jaya, Kecamatan Selupu Rejang Kabupaten Rejang Lebong, Bengkulu. Lokasi ini dapat ditempuh dari pusat kota Bengkulu sekitar 95 km. sedangkan jika dari Lubuk Linggau sekitar  32 km. Atraksi wisata yang didapat diantaranya adalah  Wahana permainan anak, Keliling danau dengan perahu, Memancing, Outbond. Danau Mas Harus Bastarai dikelola oleh Dinas Pariwisata Kabupaten Rejang Lebong dan menjadikannya sebagai Pendapatan Asli Daerah",Alam,Bengkulu,Bengkulu,3000,4.2,"{'lat': -3.4538083,'lng': 102.6560103}",-3.4538083,102.6560103,"danau mas alam danau mas harun bastari ini adalah sebuah danau seluas 75 ha yang indah dan dikelilingi oleh perbukitan yang hijau yang mudah dijangkau karena berada di pinggir jalan lintas curup lubuk linggau tepatnya di desa karang jaya, kecamatan selupu rejang kabupaten rejang lebong, bengkulu. lokasi ini dapat ditempuh dari pusat kota bengkulu sekitar 95 km. sedangkan jika dari lubuk linggau sekitar  32 km. atraksi wisata yang didapat diantaranya adalah  wahana permainan anak, keliling danau dengan perahu, memancing, outbond. danau mas harus bastarai dikelola oleh dinas pariwisata kabupaten rejang lebong dan menjadikannya sebagai pendapatan asli daerah bengkulu",images/bengkulu/image_28
29,Pasar Membah Beach,"Wisata Pantai Pasar Membah Bengkulu Tengah merupakan salah satu destinasi wisata pantai yang ada di provinsi Bengkulu, pantai ini terletak di desa pasar membah kabupaten bengkulu utara, dilihat dari tempatnya pantai pasar membah ini sangat rekomendasi untuk wisata keluarga dan pantai ini juga merupakan spot yang bagus",Perbelanjaan,Bengkulu,Bengkulu,5000,4.1,"{'lat': -3.6393731,'lng': 102.1919581}",-3.6393731,102.1919581,"pasar membah beach perbelanjaan wisata pantai pasar membah bengkulu tengah merupakan salah satu destinasi wisata pantai yang ada di provinsi bengkulu, pantai ini terletak di desa pasar membah kabupaten bengkulu utara, dilihat dari tempatnya pantai pasar membah ini sangat rekomendasi untuk wisata keluarga dan pantai ini juga merupakan spot yang bagus bengkulu",images/bengkulu/image_29
30,Pantai Sekunyit,"Pantai Sekunyit merupakan wisata yang banyak dikunjungi saat libur nasional oleh wisatawan lokal dan luar Kabupaten Bengkulu Selatan. Dalam Provinsi Bengkulu maupun Provinsi tetangga terutama dari Kota Pagaralam dan Kabupaten Lahat, Provinsi Sumatera Selatan juga menjadi tempat wisata yang banyak dikunjungi. Fasilitas yang diberikan pun cukup banyak, seperti toilet yang cukup bersih, tempat duduk untuk bersantai, tempat makan, dan lainnya. Bukan hanya sekadar pantai, tetapi juga terdapat bangunan yang dibuat dengan desain seperti Benteng Romawi dengan berbagai macam patung yang menjadi daya tarik masyarakat untuk berfoto.",Alam,Bengkulu,Bengkulu,10000,4.2,"{'lat': -4.4321724,'lng': 102.8756547}",-4.4321724,102.8756547,"pantai sekunyit alam pantai sekunyit merupakan wisata yang banyak dikunjungi saat libur nasional oleh wisatawan lokal dan luar kabupaten bengkulu selatan. dalam provinsi bengkulu maupun provinsi tetangga terutama dari kota pagaralam dan kabupaten lahat, provinsi sumatera selatan juga menjadi tempat wisata yang banyak dikunjungi. fasilitas yang diberikan pun cukup banyak, seperti toilet yang cukup bersih, tempat duduk untuk bersantai, tempat makan, dan lainnya. bukan hanya sekadar pantai, tetapi juga terdapat bangunan yang dibuat dengan desain seperti benteng romawi dengan berbagai macam patung yang menjadi daya tarik masyarakat untuk berfoto. bengkulu",images/bengkulu/image_30
31,Pulau Kumayan,"Pulau Kumayan merupakan salah satu destinasi wisata di Kota Bengkulu. Destinasi wisata ini merupakan hutan bakau yang di tata sedemikian rupa sehingga bisa dinikmati. Di Pulau Kemayan pengunjung bisa menikmati bermacam atraksi memukau, dan menjelajah bukit hingga berfoto di spot taman.",Alam,Bengkulu,Bengkulu,5000,4.6,"{'lat': -3.8032407,'lng': 102.3242725}",-3.8032407,102.3242725,"pulau kumayan alam pulau kumayan merupakan salah satu destinasi wisata di kota bengkulu. destinasi wisata ini merupakan hutan bakau yang di tata sedemikian rupa sehingga bisa dinikmati. di pulau kemayan pengunjung bisa menikmati bermacam atraksi memukau, dan menjelajah bukit hingga berfoto di spot taman. bengkulu",images/bengkulu/image_31
32,Tugu Thomas Parr,"Tugu Thomas Parr adalah sebuah monumen yang terletak di Bengkulu, Bengkulu, Indonesia dan didedikasikan kepada Thomas Parr, Residen Inggris di Bengkulu yang terbunuh pada 1807. Dibangun setahun setelah kematiannya, bangunan tersebut dianggap sebagai cagar budaya. Monumen tersebut berjarak sekitar 170 meter (560 ft) dari tenggara Benteng Marlborough, bekas tempat pertahanan Inggris di wilayah tersebut.[3] Tempat tersebut aslinya berada di dekat bangunan-bangunan yang dibangun pemerintahan Perusahaan Hindia Timur dan dewan pemerintahan Inggris. Namun, wilayah tersebut kemudian menjadi tempat komersial, dengan beberapa toko dan sebuah kantor pos yang terletak di dekat tugu tersebut..",Sejarah dan Budaya,Bengkulu,Bengkulu,3000,4.3,"{'lat': -3.3788714,'lng': 102.2506987}",-3.3788714,102.2506987,"tugu thomas parr sejarah dan budaya tugu thomas parr adalah sebuah monumen yang terletak di bengkulu, bengkulu, indonesia dan didedikasikan kepada thomas parr, residen inggris di bengkulu yang terbunuh pada 1807. dibangun setahun setelah kematiannya, bangunan tersebut dianggap sebagai cagar budaya. monumen tersebut berjarak sekitar 170 meter (560 ft) dari tenggara benteng marlborough, bekas tempat pertahanan inggris di wilayah tersebut.[3] tempat tersebut aslinya berada di dekat bangunan-bangunan yang dibangun pemerintahan perusahaan hindia timur dan dewan pemerintahan inggris. namun, wilayah tersebut kemudian menjadi tempat komersial, dengan beberapa toko dan sebuah kantor pos yang terletak di dekat tugu tersebut.. bengkulu",images/bengkulu/image_32
33,Pantai Urai,"Pantai Urai menyajikan sebuah pesona yang mampu menyilaukan mata. Keindahan matahari terbenam berpadu dengan warna langit senja yang mampu memberi warna yang berbeda di antara langit-langit di pantai lain. Wisata di Bengkulu Utara ini disebut juga dengan pantai abrasi urai. Banyak pengunjung yang datang ke Pantai Urai pada waktu sore hari, mereka berbondong-bondong melihat pesona alam luar biasa. Berpadu dengan iringan deburan ombak di pantai. Sungguh pemandangan alam yang mengesankan.",Alam,Bengkulu,Bengkulu,5000,4.1,"{'lat': -3.4148051,'lng': 101.8713974}",-3.4148051,101.8713974,"pantai urai alam pantai urai menyajikan sebuah pesona yang mampu menyilaukan mata. keindahan matahari terbenam berpadu dengan warna langit senja yang mampu memberi warna yang berbeda di antara langit-langit di pantai lain. wisata di bengkulu utara ini disebut juga dengan pantai abrasi urai. banyak pengunjung yang datang ke pantai urai pada waktu sore hari, mereka berbondong-bondong melihat pesona alam luar biasa. berpadu dengan iringan deburan ombak di pantai. sungguh pemandangan alam yang mengesankan. bengkulu",images/bengkulu/image_33
34,Pantai Samudra Ujung,"Samudra Ujung merupakan pantai yang berada diujung pulau bai, tempatnya sangat indah, terdapat pelabuhan barang, dari sana juga terlihat pulau tikus yang merupakan pulau kebanggan milik bengkulu. Lantas kenapa diberi nama samudra ujung, Alasan pastinya belum diketahui hingga saat artikel ini ditulis, namun secara logika karena pantai itu berada diujung pulau bai, dan terdapat tumpukan batuibatu yang berjajar hingga hampir ketengah lautan (hingga ujung) mungkin itulah yang menjadikan tempat ini disebut samudra ujung.",Alam,Bengkulu,Bengkulu,10000,4.1,"{'lat': -3.9306296,'lng': 102.2739719}",-3.9306296,102.2739719,"pantai samudra ujung alam samudra ujung merupakan pantai yang berada diujung pulau bai, tempatnya sangat indah, terdapat pelabuhan barang, dari sana juga terlihat pulau tikus yang merupakan pulau kebanggan milik bengkulu. lantas kenapa diberi nama samudra ujung, alasan pastinya belum diketahui hingga saat artikel ini ditulis, namun secara logika karena pantai itu berada diujung pulau bai, dan terdapat tumpukan batuibatu yang berjajar hingga hampir ketengah lautan (hingga ujung) mungkin itulah yang menjadikan tempat ini disebut samudra ujung. bengkulu",images/bengkulu/image_34
35,Pantai Malabero,"Pantai Malabero merupakan destinasi wisata yang terus menarik atensi masyakarat umum dan wisatawan untuk berkunjung ke lokasi ini. Pantai ini memiliki pasir putih yang begitu indah dan terdapat pasar tradisional. Pantai ini memiliki pilihan wisatawan dan masyarakat umum untuk berbagai aktivitas seperti liburan singkat, belanja ikan hingga bermain air di tepian lautnya yang tenang lagi syahdu.",Alam,Bengkulu,Bengkulu,5000,4.5,"{'lat': -3.7892684,'lng': 102.2469845}",-3.7892684,102.2469845,"pantai malabero alam pantai malabero merupakan destinasi wisata yang terus menarik atensi masyakarat umum dan wisatawan untuk berkunjung ke lokasi ini. pantai ini memiliki pasir putih yang begitu indah dan terdapat pasar tradisional. pantai ini memiliki pilihan wisatawan dan masyarakat umum untuk berbagai aktivitas seperti liburan singkat, belanja ikan hingga bermain air di tepian lautnya yang tenang lagi syahdu. bengkulu",images/bengkulu/image_35
36,Taman Wisata Family,"Taman Family adalah sebuah objek wisata yang berada di jalan Sungai Hitam, Beringin Raya Kecamatan Muara Bangkahulu Kota Bengkulu.Tempat yang berada di pinggiran kota ini boleh jadi sebagai tempat wisata yang paling komplit di Kota Batik. Pujian ini tentunya beralasan, sebab taman keluarga ini memiliki banyak wahana permainan yang patut dicoba saat mengunjunginya.",Tempat Rekreasi,Bengkulu,Bengkulu,10000,3.9,"{'lat': -3.7548062,'lng': 102.2607597}",-3.7548062,102.2607597,"taman wisata family tempat rekreasi taman family adalah sebuah objek wisata yang berada di jalan sungai hitam, beringin raya kecamatan muara bangkahulu kota bengkulu.tempat yang berada di pinggiran kota ini boleh jadi sebagai tempat wisata yang paling komplit di kota batik. pujian ini tentunya beralasan, sebab taman keluarga ini memiliki banyak wahana permainan yang patut dicoba saat mengunjunginya. bengkulu",images/bengkulu/image_36
37,Taman Bonsai,"Taman Family adalah sebuah objek wisata yang berada di jalan Sungai Hitam, Beringin Raya Kecamatan Muara Bangkahulu Kota Bengkulu.Tempat yang berada di pinggiran kota ini boleh jadi sebagai tempat wisata yang paling komplit di Kota Batik. Pujian ini tentunya beralasan, sebab taman keluarga ini memiliki banyak wahana permainan yang patut dicoba saat mengunjunginya. Taman Bonsai ini dimaksudkan tidak hanya sebatas tempat rekreasi saja, tapi juga dapat belajar suatu hal dari objek wisata tersebut seperti mempelajari tanaman bonsai Taman ini dikonsepkan tidak hanya sebagai tempat wisata namun juga sebagai tempat edukasi tanaman bonsai yang diperuntukkan untuk para pecinta tanaman bonsai dan juga masyarakat yang tertarik mengenal dan memahami tanaman bonsai.",Tempat Rekreasi,Bengkulu,Bengkulu,0,4.6,"{'lat': -3.8017417,'lng': 102.2565011}",-3.8017417,102.2565011,"taman bonsai tempat rekreasi taman family adalah sebuah objek wisata yang berada di jalan sungai hitam, beringin raya kecamatan muara bangkahulu kota bengkulu.tempat yang berada di pinggiran kota ini boleh jadi sebagai tempat wisata yang paling komplit di kota batik. pujian ini tentunya beralasan, sebab taman keluarga ini memiliki banyak wahana permainan yang patut dicoba saat mengunjunginya. taman bonsai ini dimaksudkan tidak hanya sebatas tempat rekreasi saja, tapi juga dapat belajar suatu hal dari objek wisata tersebut seperti mempelajari tanaman bonsai taman ini dikonsepkan tidak hanya sebagai tempat wisata namun juga sebagai tempat edukasi tanaman bonsai yang diperuntukkan untuk para pecinta tanaman bonsai dan juga masyarakat yang tertarik mengenal dan memahami tanaman bonsai. bengkulu",images/bengkulu/image_37
38,Monumen Ibu Fatmawati,"Presiden Joko Widodo, Rabu 5 Februari 2020 meresmikan Monumen Pahlawan Nasional Ibu Agung Hj. Fatmawati Sukarno di Bengkulu. Perersmian itu bertepatan dengan Hari Lahir Ibu Fatmawati Sukarno 5 Februari 1923. Monumen itu menggambarkan Ibu Fatmawati Sukarno sedang menjahit Bendera Pusaka Merah Putih yang dikibarkan setelah acara Proklamasi Kemerdekaan RI 17 Agustus 1945. Patung ini dibuat oleh Nyoman Nuarta dan memiliki total tinggi 7 meter, yang terdiri dari alasnya setinggi 2 meter dan patungnya setinggi 5 meter. Sebagai Ibu Negara yang Pertama, Ibu Fatmawati sangat berjasa dalam memperjuangkan kemerdekaan Indonesia, maka Monumen ini sebagai tanda terima kasih Negara Kesatuan Republik Indonesia (NKRI) terhadap jasa-jasanya bagi Nusa dan Bangsa. ",Sejarah dan Budaya,Bengkulu,Bengkulu,0,4.6,"{'lat': -3.7973214,'lng': 102.2659728}",-3.7973214,102.2659728,"monumen ibu fatmawati sejarah dan budaya presiden joko widodo, rabu 5 februari 2020 meresmikan monumen pahlawan nasional ibu agung hj. fatmawati sukarno di bengkulu. perersmian itu bertepatan dengan hari lahir ibu fatmawati sukarno 5 februari 1923. monumen itu menggambarkan ibu fatmawati sukarno sedang menjahit bendera pusaka merah putih yang dikibarkan setelah acara proklamasi kemerdekaan ri 17 agustus 1945. patung ini dibuat oleh nyoman nuarta dan memiliki total tinggi 7 meter, yang terdiri dari alasnya setinggi 2 meter dan patungnya setinggi 5 meter. sebagai ibu negara yang pertama, ibu fatmawati sangat berjasa dalam memperjuangkan kemerdekaan indonesia, maka monumen ini sebagai tanda terima kasih negara kesatuan republik indonesia (nkri) terhadap jasa-jasanya bagi nusa dan bangsa.  bengkulu",images/bengkulu/image_38
39,Rat Island Tourism Bengkulu 3 sons,"Pulau Tikus adalah pulau kecil tak berpenghuni seluas lebih kurang 6.000 m terletak di perairan Pantai Bengkulu yang merupakan bagian dari wilayah pemerintah Kota Bengkulu, provinsi Bengkulu. Pulau yang dapat dilihat dari pesisir pantai di kota Bengkulu ini ditopang gugusan terumbu karang seluas 250 hektare. Dengan potensi alam tikus tidak kalah bagusnya dan dapat bersaing secara nasional tersebut pulau tikus memiliki potensi untuk wisata bahari. Untuk berwisata dan menikmati alam di Pulau ini, wisatawan dapat menempuh dengan menyewa perahu dengan biaya yang terjangkau. Jarak pelayaran dari dalam menuju Pulau Tikus berkisar 30 menit. Ada beberapa pilihan wisata yang dapat dinikmati oleh wisatawan. Di antaranya adalah wisata pantai, beach camp, snorkling, scuba diving, Sea Turtle Learning, dan surfing. Untuk menikmati wisata bawah laut, sudah ada jasa pemandu yang menemani wisatawan untuk menikmati berbagai macam spot seperti Garden Seafan di sekitar. Pulau Kucing dengan kedalaman 25 meter, Shipwreck Fishermen dengan kedalaman 18 meter, Turtle Diving dengan kedalaman 8 meter, dan Arkeolog Diving dengankedalaman 12 meter.",Alam,Bengkulu,Bengkulu,150000,4.3,"{'lat': -3.7942895,'lng': 102.2486518}",-3.7942895,102.2486518,"rat island tourism bengkulu 3 sons alam pulau tikus adalah pulau kecil tak berpenghuni seluas lebih kurang 6.000 m terletak di perairan pantai bengkulu yang merupakan bagian dari wilayah pemerintah kota bengkulu, provinsi bengkulu. pulau yang dapat dilihat dari pesisir pantai di kota bengkulu ini ditopang gugusan terumbu karang seluas 250 hektare. dengan potensi alam tikus tidak kalah bagusnya dan dapat bersaing secara nasional tersebut pulau tikus memiliki potensi untuk wisata bahari. untuk berwisata dan menikmati alam di pulau ini, wisatawan dapat menempuh dengan menyewa perahu dengan biaya yang terjangkau. jarak pelayaran dari dalam menuju pulau tikus berkisar 30 menit. ada beberapa pilihan wisata yang dapat dinikmati oleh wisatawan. di antaranya adalah wisata pantai, beach camp, snorkling, scuba diving, sea turtle learning, dan surfing. untuk menikmati wisata bawah laut, sudah ada jasa pemandu yang menemani wisatawan untuk menikmati berbagai macam spot seperti garden seafan di sekitar. pulau kucing dengan kedalaman 25 meter, shipwreck fishermen dengan kedalaman 18 meter, turtle diving dengan kedalaman 8 meter, dan arkeolog diving dengankedalaman 12 meter. bengkulu",images/bengkulu/image_39
40,Wahana Yukita Kandang Mas,"Taman Wisata Wahana Yukita yang berada Jl. Setia Negara, Kandang Mas, di Kota Bengkulu menjadi lokasi Healing baru bagi masyarakat. Wahana Yukita menyajikan spot-spot menarik seperti, kolam berenang, Water boom, taman kelinci hingga tempat karaoke yang bisa dinikmati saat Weekend keluarga.",Tempat Rekreasi,Bengkulu,Bengkulu,30000,4.5,"{'lat': -3.8833786,'lng': 102.3242369}",-3.8833786,102.3242369,"wahana yukita kandang mas tempat rekreasi taman wisata wahana yukita yang berada jl. setia negara, kandang mas, di kota bengkulu menjadi lokasi healing baru bagi masyarakat. wahana yukita menyajikan spot-spot menarik seperti, kolam berenang, water boom, taman kelinci hingga tempat karaoke yang bisa dinikmati saat weekend keluarga. bengkulu",images/bengkulu/image_40
41,Wisata OTO Family,"Wisata OTO Family merupakan tempat yang pas untuk orang tua mengajak anak-anaknya berlibur sambil menenangkan diri karena memiliki konsep menyatu dengan alam dan terletak di Kuti Agung, Sukaraja, Kabupaten Seluma.",Tempat Rekreasi,Bengkulu,Bengkulu,5000,4.8,"{'lat': -3.8863965,'lng': 102.4331351}",-3.8863965,102.4331351,"wisata oto family tempat rekreasi wisata oto family merupakan tempat yang pas untuk orang tua mengajak anak-anaknya berlibur sambil menenangkan diri karena memiliki konsep menyatu dengan alam dan terletak di kuti agung, sukaraja, kabupaten seluma. bengkulu",images/bengkulu/image_41
42,Masjid Jamik Kota Bengkulu,"Masjid Jamik Bengkulu adalah salah satu masjid bersejarah di Kota Bengkulu, Bengkulu. Masjid Jamik Bengkulu merupakan salah satu karya arsitektur oleh Soekarno selama masa pengasingan di Bengkulu. Masjid ini memiliki corak arsitektur Jawa dan Sumatra. Oleh karena itu, Masjid Jamik Bengkulu juga terkenal dengan julukan 'Masjid Bung Karno'.Kini, Masjid Jamik Bengkulu dinyatakan sebagai bangunan bersejarah di Indonesia, dengan kategori benda cagar budaya.",Tempat Ibadah,Bengkulu,Bengkulu,0,4.8,"{'lat': -3.3792351,'lng': 102.2262379}",-3.3792351,102.2262379,"masjid jamik kota bengkulu tempat ibadah masjid jamik bengkulu adalah salah satu masjid bersejarah di kota bengkulu, bengkulu. masjid jamik bengkulu merupakan salah satu karya arsitektur oleh soekarno selama masa pengasingan di bengkulu. masjid ini memiliki corak arsitektur jawa dan sumatra. oleh karena itu, masjid jamik bengkulu juga terkenal dengan julukan 'masjid bung karno'.kini, masjid jamik bengkulu dinyatakan sebagai bangunan bersejarah di indonesia, dengan kategori benda cagar budaya. bengkulu",images/bengkulu/image_42
43,Pantai Lais,"Pantai Lais merupakan obyek wisata yang berada di Desa Lais, Kabupaten Bengkulu Utara, dan menjadi salah satu tempat yang banyak dikunjungi wisatawan selain memang indah juga mudah dijangkau karena pantai tersebut berada tepat di tepi jalan raya Lintas Barat Sumatra, jadi sangat mudah bagi wisatawan yang ingin berkunjung ke lokasi itu. Jika dari Bandara Fatmawati Kota Bengkulu ke Pantai Lais membutuhkan jarak tempuh sekitar 60 km dan dapat dijangkau dengan menggunakan kendaraan umum.",Alam,Bengkulu,Bengkulu,5000,4.6,"{'lat': -3.5403282,'lng': 102.0525796}",-3.5403282,102.0525796,"pantai lais alam pantai lais merupakan obyek wisata yang berada di desa lais, kabupaten bengkulu utara, dan menjadi salah satu tempat yang banyak dikunjungi wisatawan selain memang indah juga mudah dijangkau karena pantai tersebut berada tepat di tepi jalan raya lintas barat sumatra, jadi sangat mudah bagi wisatawan yang ingin berkunjung ke lokasi itu. jika dari bandara fatmawati kota bengkulu ke pantai lais membutuhkan jarak tempuh sekitar 60 km dan dapat dijangkau dengan menggunakan kendaraan umum. bengkulu",images/bengkulu/image_43
44,Cugung Buluah,"Keberadaan bukit bambu di tengah hamparan sawah disulap menjadi agrowisata atau objek wisata yang melibatkan penggunaan lahan pertanian. Tempat ini dikenal dengan nama Cugung Buluah yang berada di posisi tertinggi dan memiliki pesona tersendiri. Kamu yang berkunjung bisa melihat panorama yang indah berupa hamparan sawah yang berada di sekelilingnya. Di lokasi tersebut, juga dapat dijadikan sebagai wadah edukasi anak. Selain mengenalkan tanaman padi, orang tua juga bisa memperlihatkan aktivitas petani dalam mengolah lahan sawah, seperti membajak sawah, menyemai benih hingga menanam padi.",Tempat Rekreasi,Bengkulu,Bengkulu,0,4.3,"{'lat': -3.7347896,'lng': 102.2915031}",-3.7347896,102.2915031,"cugung buluah tempat rekreasi keberadaan bukit bambu di tengah hamparan sawah disulap menjadi agrowisata atau objek wisata yang melibatkan penggunaan lahan pertanian. tempat ini dikenal dengan nama cugung buluah yang berada di posisi tertinggi dan memiliki pesona tersendiri. kamu yang berkunjung bisa melihat panorama yang indah berupa hamparan sawah yang berada di sekelilingnya. di lokasi tersebut, juga dapat dijadikan sebagai wadah edukasi anak. selain mengenalkan tanaman padi, orang tua juga bisa memperlihatkan aktivitas petani dalam mengolah lahan sawah, seperti membajak sawah, menyemai benih hingga menanam padi. bengkulu",images/bengkulu/image_44
45,Taman Smart City,"Taman merupakan tempat berkumpul dan bersantai yang digemari hampir seluruh kalangan, terutama para kawula muda yang hobi nongkrong. Di Kota Bengkulu sendiri, sudah banyak taman yang menjadi pusat perkumpulan anak muda terutama kalangan mahasiswa. Salah satunya taman Smart City yang terletak di pusat Kota Bengkulu, yakni di Simpang 5, Kecamatan Ratu Samban yang dibangun Pemerintah Kota Bengkulu melalui Dinas Pekerjaan Umum (PU) beberapa bulan lalu. Taman Smart City tidak hanya menyuguhkan pemandangan dan juga tidak hanya untuk bersantai saja, namun sesuai dengan namanya, taman itu juga menjadi tempat mengakses berbagai informasi bagi pelajar dan mahasiswa yang bisa disebut taman multi fungsi. Sebab pengunjung juga bisa mengakses jaringan internet yang telah tersedia, gunanya agar mahasiswa atau pelajar yang datang ke taman itu dapat mencari tugas kuliah dan sekolah.",Tempat Rekreasi,Bengkulu,Bengkulu,0,4.0,"{'lat': -3.7960485,'lng': 102.2265089}",-3.7960485,102.2265089,"taman smart city tempat rekreasi taman merupakan tempat berkumpul dan bersantai yang digemari hampir seluruh kalangan, terutama para kawula muda yang hobi nongkrong. di kota bengkulu sendiri, sudah banyak taman yang menjadi pusat perkumpulan anak muda terutama kalangan mahasiswa. salah satunya taman smart city yang terletak di pusat kota bengkulu, yakni di simpang 5, kecamatan ratu samban yang dibangun pemerintah kota bengkulu melalui dinas pekerjaan umum (pu) beberapa bulan lalu. taman smart city tidak hanya menyuguhkan pemandangan dan juga tidak hanya untuk bersantai saja, namun sesuai dengan namanya, taman itu juga menjadi tempat mengakses berbagai informasi bagi pelajar dan mahasiswa yang bisa disebut taman multi fungsi. sebab pengunjung juga bisa mengakses jaringan internet yang telah tersedia, gunanya agar mahasiswa atau pelajar yang datang ke taman itu dapat mencari tugas kuliah dan sekolah. bengkulu",images/bengkulu/image_45
46,Pantai Harapan,"Pantai Harapan merupakan pantai yang belum terlalu dikenal masyarakat. Meskipun begitu pantai ini menawarkan pesona yang sangat indah.Jika kalian menginginkan suasana yang sunyi dengan sedikit suara ombak yang berdeburan, pantai ini sangat cocok untuk anda kunjungi. Terlebih lagi bagi kalian yang senang melihat sunset atau sunrise kalian wajib banget untuk datang ke pantai ini karena keindahan sunset dan sunrise di pantai ini begitu memukau.",Alam,Bengkulu,Bengkulu,5000,4.1,"{'lat': -3.6991203,'lng': 102.2447855}",-3.6991203,102.2447855,"pantai harapan alam pantai harapan merupakan pantai yang belum terlalu dikenal masyarakat. meskipun begitu pantai ini menawarkan pesona yang sangat indah.jika kalian menginginkan suasana yang sunyi dengan sedikit suara ombak yang berdeburan, pantai ini sangat cocok untuk anda kunjungi. terlebih lagi bagi kalian yang senang melihat sunset atau sunrise kalian wajib banget untuk datang ke pantai ini karena keindahan sunset dan sunrise di pantai ini begitu memukau. bengkulu",images/bengkulu/image_46
47,Danau Dendam Tak Sudah,"Danau Dendam Tak Sudah adalah sebuah danau yang terletak di Provinsi Bengkulu. Danau ini berlokasi di Kelurahan Dusun Besar, Kecamatan Singaran Pati, Kota Bengkulu, Provinsi Bengkulu. Danau Dendam Tak Sudah memiliki luas keseluruhan 559 ha dan luas permukaan 68 ha. Danau Dendam Tak Sudah diperkirakan terbentuk dari aktivitas gunung berapi di daerah tersebut. Dengan mengingat penting dan strategisnya keberadaannya, pada tahun 1936, Danau Dendam Tak Sudah ditetapkan sebagai cagar alam dengan luas 11,5 hektare oleh Pemerintah Hindia Belanda. Kemudian, pada tahun 1979, kawasan cagar alam ini dipeluas menjadi 430 hektare. Pada tahun 1999, wilayah cagar alam diperluas lagi menjadi 577 hektare.",Alam,Bengkulu,Bengkulu,5000,4.8,"{'lat': -3.8026239,'lng': 102.3061704}",-3.8026239,102.3061704,"danau dendam tak sudah alam danau dendam tak sudah adalah sebuah danau yang terletak di provinsi bengkulu. danau ini berlokasi di kelurahan dusun besar, kecamatan singaran pati, kota bengkulu, provinsi bengkulu. danau dendam tak sudah memiliki luas keseluruhan 559 ha dan luas permukaan 68 ha. danau dendam tak sudah diperkirakan terbentuk dari aktivitas gunung berapi di daerah tersebut. dengan mengingat penting dan strategisnya keberadaannya, pada tahun 1936, danau dendam tak sudah ditetapkan sebagai cagar alam dengan luas 11,5 hektare oleh pemerintah hindia belanda. kemudian, pada tahun 1979, kawasan cagar alam ini dipeluas menjadi 430 hektare. pada tahun 1999, wilayah cagar alam diperluas lagi menjadi 577 hektare. bengkulu",images/bengkulu/image_47
48,Danau Westland,"Danau Westlands adalah salah satu destinasi wisata alam yang populer di Bengkulu. Danau ini terletak di Desa Pasar Pedati, Kecamatan Pondok Kelapa, Kabupaten Bengkulu Tengah, Provinsi Bengkulu. Danau ini memiliki luas sekitar 10 hektar dan dikelilingi oleh perbukitan yang hijau. Air di danau ini berwarna biru kehijauan dan sangat jernih. ",Alam,Bengkulu,Bengkulu,10000,4.7,"{'lat': -3.3890366,'lng': 102.3066542}",-3.3890366,102.3066542,"danau westland alam danau westlands adalah salah satu destinasi wisata alam yang populer di bengkulu. danau ini terletak di desa pasar pedati, kecamatan pondok kelapa, kabupaten bengkulu tengah, provinsi bengkulu. danau ini memiliki luas sekitar 10 hektar dan dikelilingi oleh perbukitan yang hijau. air di danau ini berwarna biru kehijauan dan sangat jernih.  bengkulu",images/bengkulu/image_48